Workbook

Sheet База_данных
A1: БАЗА ДАННЫХ ПО АВТО ОСТАНОВАМ ГПА
A3: Год | B3: ГПА | C3: Кол-во остановов | D3: Дата | E3: № Акта | F3: Источник (файл)
A4: 2020 | B4: ГПА №2 | C4: 1 | D4: 10.06.2020 | E4: 2020-№1 | F4: act01_investigation.pdf
A5: 2022 | B5: ГПА №3 | C5: 1 | D5: 01.02.2022 | E5: 2022-№1 | F5: act02_investigation.pdf
A6: 2022 | B6: ГПА №3 | C6: 1 | D6: 11.03.2022 | E6: 2022-№2 | F6: act03_investigation.pdf
A7: 2022 | B7: ГПА №2 | C7: 1 | D7: 25.04.2022 | E7: 2022-№3 | F7: act04_investigation.pdf
A8: 2022 | B8: ГПА №2 | C8: 1 | D8: 07.06.2022 | E8: 2022-№5 | F8: act05_investigation.pdf
A9: 2023 | B9: ГПА №2 | C9: 1 | D9: 11.03.2023 | E9: 2023-№1 | F9: act06_investigation.pdf
A10: 2023 | B10: ГПА №3 | C10: 1 | D10: 11.03.2023 | E10: 2023-№1 | F10: act06_investigation.pdf
A11: 2023 | B11: ГПА №2 | C11: 1 | D11: 14.04.2023 | E11: 2023-№2 | F11: act07_investigation.pdf
A12: 2023 | B12: ГПА №2 | C12: 1 | D12: 06.06.2023 | E12: 2023-№5 | F12: act08_investigation.pdf
A13: 2024 | B13: ГПА №1 | C13: 1 | D13: 04.03.2024 | E13: 2024-№1 | F13: act09_investigation.pdf
A14: 2024 | B14: ГПА №1 | C14: 1 | D14: 11.03.2024 | E14: 2024-№2 | F14: act10_investigation.pdf
A15: 2024 | B15: ГПА №3 | C15: 1 | D15: 11.03.2024 | E15: 2024-№2 | F15: act10_investigation.pdf
... A70: 2024 | B70: ГПА №2 | C70: 1 | D70: 30.11.2024 | E70: 2024-№2 | F70: sks2_act09_investigation.pdf
A72: Этот лист формируется автоматически из accidents.json при запуске build.py. Не редактируйте его вручную — правки потеряются при следующей пересборке.

Sheet Таблица_аварий
A1: ТАБЛИЦА АВАРИЙНЫХ ОСТАНОВОВ ГПА
A3: № | B3: Наименование (тема аварии) | C3: Дата | D3: № акта | E3: КС | F3: ГПА | G3: Модель агрегата | H3: Источник | I3: Стр. в PDF
A4: 1 | B4: Скачок частоты ГПЭС при переключении, останов ГПА№2 по низкому давлению воздуха | C4: 10.06.2020 | D4: №1 | E4: КС-1 «Алимтау» | F4: ГПА №2 | G4: — | H4: Открыть акт (PDF) | I4: 1
A5: 2 | B5: Потеря пламени в камере сгорания при повышении оборотов (режим АВС) | C5: 01.02.2022 | D5: №1 | E5: КС-1 «Алимтау» | F5: ГПА №3 | G5: — | H5: Открыть акт (PDF) | I5: 4
A6: 3 | B6: Потеря пламени из-за несоответствия настроек DLE Mapping зимнего режима | C6: 11.03.2022 | D6: №2 | E6: КС-1 «Алимтау» | F6: ГПА №3 | G6: — | H6: Открыть акт (PDF) | I6: 8
A7: 4 | B7: Ошибочная активация системы пожаротушения СО2 сменным инженером | C7: 25.04.2022 | D7: №3 | E7: КС-1 «Алимтау» | F7: ГПА №2 | G7: — | H7: Открыть акт (PDF) | I7: 13
A8: 5 | B8: Ложное срабатывание сигнала положения свечного крана XV-784 | C8: 07.06.2022 | D8: №5 | E8: КС-1 «Алимтау» | F8: ГПА №2 | G8: — | H8: Открыть акт (PDF) | I8: 16
A9: 6 | B9: Останов ГПЭС№3 и ГПА№2,3 по давлению масла из-за отсутствия нагрузочного модуля | C9: 11.03.2023 | D9: №1 | E9: КС-1 «Алимтау» | F9: ГПА №2, ГПА №3 | G9: — | H9: Открыть акт (PDF) | I9: 19
A10: 7 | B10: Отказ модуля изолятора Railbus (RB6-2), сбой передачи данных датчиков | C10: 14.04.2023 | D10: №2 | E10: КС-1 «Алимтау» | F10: ГПА №2 | G10: — | H10: Открыть акт (PDF) | I10: 28
A11: 8 | B11: Ложное срабатывание концевых выключателей свечного крана XV-4204 | C11: 06.06.2023 | D11: №5 | E11: КС-1 «Алимтау» | F11: ГПА №2 | G11: — | H11: Открыть акт (PDF) | I11: 33
A12: 9 | B12: Некорректная работа модуля RTD датчика температуры TE-147A | C12: 04.03.2024 | D12: №1 | E12: КС-1 «Алимтау» | F12: ГПА №1 | G12: — | H12: Открыть акт (PDF) | I12: 36
A13: 10 | B13: Падение давления воздуха из-за неисправности осушительной установки ВК№1 | C13: 11.03.2024 | D13: №2 | E13: КС-1 «Алимтау» | F13: ГПА №1, ГПА №3 | G13: — | H13: Открыть акт (PDF) | I13: 42
A14: 11 | B14: Ложное срабатывание датчиков загазованности из-за потери связи NTRON 509 | C14: 10.05.2024 | D14: №3 | E14: КС-1 «Алимтау» | F14: ГПА №3 | G14: — | H14: Открыть акт (PDF) | I14: 45
A15: 12 | B15: Нестабильные обороты ГПЭС№1 из-за отсутствия синхронизации агрегатов | C15: 28.12.2024 | D15: №4 | E15: КС-1 «Алимтау» | F15: ГПА №1 | G15: — | H15: Открыть акт (PDF) | I15: 50
... A52: 49 | B52: Автоматический останов ГПА№2 из-за низкого дифференциального давления в кожухе ГГ (сбой резервного вентилятора продувки 88BA-1) | C52: 30.11.2024 | D52: №2 | E52: СКС-2 «Аксу» | F52: ГПА №2 | G52: — | H52: Открыть акт (PDF) | I52: 98
A54: «Модель агрегата» подтягивается из equipment_models.json (справочник станция -> ГПА -> модель). Заполните этот файл реальными моделями и пересоберите платформу — прочерк означает, что модель ещё не внесена.

Sheet Сводная_таблица
A1: СВОДНАЯ ТАБЛИЦА ПО ГОДАМ (авторасчёт по данным листа "База_данных")
A3: Год | B3: ГПА №1 | C3: ГПА №2 | D3: ГПА №3
A4: 2018 | B4: =IFERROR(IF(SUMIFS(База_данных!$C$4:$C$70,База_данных!$A$4:$A$70,A4,База_данных!$B$4:$B$70,"ГПА №1")=0,"",SUMIFS(База_данных!$C$4:$C$70,База_данных!$A$4:$A$70,A4,База_данных!$B$4:$B$70,"ГПА №1")),"") | C4: =IFERROR(IF(SUMIFS(База_данных!$C$4:$C$70,База_данных!$A$4:$A$70,A4,База_данных!$B$4:$B$70,"ГПА №2")=0,"",SUMIFS(База_данных!$C$4:$C$70,База_данных!$A$4:$A$70,A4,База_данных!$B$4:$B$70,"ГПА №2")),"") | D4: =IFERROR(IF(SUMIFS(База_данных!$C$4:$C$70,База_данных!$A$4:$A$70,A4,База_данных!$B$4:$B$70,"ГПА №3")=0,"",SUMIFS(База_данных!$C$4:$C$70,База_данных!$A$4:$A$70,A4,База_данных!$B$4:$B$70,"ГПА №3")),"")
A5: 2019 | B5: =IFERROR(IF(SUMIFS(База_данных!$C$4:$C$70,База_данных!$A$4:$A$70,A5,База_данных!$B$4:$B$70,"ГПА №1")=0,"",SUMIFS(База_данных!$C$4:$C$70,База_данных!$A$4:$A$70,A5,База_данных!$B$4:$B$70,"ГПА №1")),"") | C5: =IFERROR(IF(SUMIFS(База_данных!$C$4:$C$70,База_данных!$A$4:$A$70,A5,База_данных!$B$4:$B$70,"ГПА №2")=0,"",SUMIFS(База_данных!$C$4:$C$70,База_данных!$A$4:$A$70,A5,База_данных!$B$4:$B$70,"ГПА №2")),"") | D5: =IFERROR(IF(SUMIFS(База_данных!$C$4:$C$70,База_данных!$A$4:$A$70,A5,База_данных!$B$4:$B$70,"ГПА №3")=0,"",SUMIFS(База_данных!$C$4:$C$70,База_данных!$A$4:$A$70,A5,База_данных!$B$4:$B$70,"ГПА №3")),"")
A6: 2020 | B6: =IFERROR(IF(SUMIFS(База_данных!$C$4:$C$70,База_данных!$A$4:$A$70,A6,База_данных!$B$4:$B$70,"ГПА №1")=0,"",SUMIFS(База_данных!$C$4:$C$70,База_данных!$A$4:$A$70,A6,База_данных!$B$4:$B$70,"ГПА №1")),"") | C6: =IFERROR(IF(SUMIFS(База_данных!$C$4:$C$70,База_данных!$A$4:$A$70,A6,База_данных!$B$4:$B$70,"ГПА №2")=0,"",SUMIFS(База_данных!$C$4:$C$70,База_данных!$A$4:$A$70,A6,База_данных!$B$4:$B$70,"ГПА №2")),"") | D6: =IFERROR(IF(SUMIFS(База_данных!$C$4:$C$70,База_данных!$A$4:$A$70,A6,База_данных!$B$4:$B$70,"ГПА №3")=0,"",SUMIFS(База_данных!$C$4:$C$70,База_данных!$A$4:$A$70,A6,База_данных!$B$4:$B$70,"ГПА №3")),"")
A7: 2021 | B7: =IFERROR(IF(SUMIFS(База_данных!$C$4:$C$70,База_данных!$A$4:$A$70,A7,База_данных!$B$4:$B$70,"ГПА №1")=0,"",SUMIFS(База_данных!$C$4:$C$70,База_данных!$A$4:$A$70,A7,База_данных!$B$4:$B$70,"ГПА №1")),"") | C7: =IFERROR(IF(SUMIFS(База_данных!$C$4:$C$70,База_данных!$A$4:$A$70,A7,База_данных!$B$4:$B$70,"ГПА №2")=0,"",SUMIFS(База_данных!$C$4:$C$70,База_данных!$A$4:$A$70,A7,База_данных!$B$4:$B$70,"ГПА №2")),"") | D7: =IFERROR(IF(SUMIFS(База_данных!$C$4:$C$70,База_данных!$A$4:$A$70,A7,База_данных!$B$4:$B$70,"ГПА №3")=0,"",SUMIFS(База_данных!$C$4:$C$70,База_данных!$A$4:$A$70,A7,База_данных!$B$4:$B$70,"ГПА №3")),"")
A8: 2022 | B8: =IFERROR(IF(SUMIFS(База_данных!$C$4:$C$70,База_данных!$A$4:$A$70,A8,База_данных!$B$4:$B$70,"ГПА №1")=0,"",SUMIFS(База_данных!$C$4:$C$70,База_данных!$A$4:$A$70,A8,База_данных!$B$4:$B$70,"ГПА №1")),"") | C8: =IFERROR(IF(SUMIFS(База_данных!$C$4:$C$70,База_данных!$A$4:$A$70,A8,База_данных!$B$4:$B$70,"ГПА №2")=0,"",SUMIFS(База_данных!$C$4:$C$70,База_данных!$A$4:$A$70,A8,База_данных!$B$4:$B$70,"ГПА №2")),"") | D8: =IFERROR(IF(SUMIFS(База_данных!$C$4:$C$70,База_данных!$A$4:$A$70,A8,База_данных!$B$4:$B$70,"ГПА №3")=0,"",SUMIFS(База_данных!$C$4:$C$70,База_данных!$A$4:$A$70,A8,База_данных!$B$4:$B$70,"ГПА №3")),"")
A9: 2023 | B9: =IFERROR(IF(SUMIFS(База_данных!$C$4:$C$70,База_данных!$A$4:$A$70,A9,База_данных!$B$4:$B$70,"ГПА №1")=0,"",SUMIFS(База_данных!$C$4:$C$70,База_данных!$A$4:$A$70,A9,База_данных!$B$4:$B$70,"ГПА №1")),"") | C9: =IFERROR(IF(SUMIFS(База_данных!$C$4:$C$70,База_данных!$A$4:$A$70,A9,База_данных!$B$4:$B$70,"ГПА №2")=0,"",SUMIFS(База_данных!$C$4:$C$70,База_данных!$A$4:$A$70,A9,База_данных!$B$4:$B$70,"ГПА №2")),"") | D9: =IFERROR(IF(SUMIFS(База_данных!$C$4:$C$70,База_данных!$A$4:$A$70,A9,База_данных!$B$4:$B$70,"ГПА №3")=0,"",SUMIFS(База_данных!$C$4:$C$70,База_данных!$A$4:$A$70,A9,База_данных!$B$4:$B$70,"ГПА №3")),"")
A10: 2024 | B10: =IFERROR(IF(SUMIFS(База_данных!$C$4:$C$70,База_данных!$A$4:$A$70,A10,База_данных!$B$4:$B$70,"ГПА №1")=0,"",SUMIFS(База_данных!$C$4:$C$70,База_данных!$A$4:$A$70,A10,База_данных!$B$4:$B$70,"ГПА №1")),"") | C10: =IFERROR(IF(SUMIFS(База_данных!$C$4:$C$70,База_данных!$A$4:$A$70,A10,База_данных!$B$4:$B$70,"ГПА №2")=0,"",SUMIFS(База_данных!$C$4:$C$70,База_данных!$A$4:$A$70,A10,База_данных!$B$4:$B$70,"ГПА №2")),"") | D10: =IFERROR(IF(SUMIFS(База_данных!$C$4:$C$70,База_данных!$A$4:$A$70,A10,База_данных!$B$4:$B$70,"ГПА №3")=0,"",SUMIFS(База_данных!$C$4:$C$70,База_данных!$A$4:$A$70,A10,База_данных!$B$4:$B$70,"ГПА №3")),"")
A11: 2025 | B11: =IFERROR(IF(SUMIFS(База_данных!$C$4:$C$70,База_данных!$A$4:$A$70,A11,База_данных!$B$4:$B$70,"ГПА №1")=0,"",SUMIFS(База_данных!$C$4:$C$70,База_данных!$A$4:$A$70,A11,База_данных!$B$4:$B$70,"ГПА №1")),"") | C11: =IFERROR(IF(SUMIFS(База_данных!$C$4:$C$70,База_данных!$A$4:$A$70,A11,База_данных!$B$4:$B$70,"ГПА №2")=0,"",SUMIFS(База_данных!$C$4:$C$70,База_данных!$A$4:$A$70,A11,База_данных!$B$4:$B$70,"ГПА №2")),"") | D11: =IFERROR(IF(SUMIFS(База_данных!$C$4:$C$70,База_данных!$A$4:$A$70,A11,База_данных!$B$4:$B$70,"ГПА №3")=0,"",SUMIFS(База_данных!$C$4:$C$70,База_данных!$A$4:$A$70,A11,База_данных!$B$4:$B$70,"ГПА №3")),"")
A12: 2026 | B12: =IFERROR(IF(SUMIFS(База_данных!$C$4:$C$70,База_данных!$A$4:$A$70,A12,База_данных!$B$4:$B$70,"ГПА №1")=0,"",SUMIFS(База_данных!$C$4:$C$70,База_данных!$A$4:$A$70,A12,База_данных!$B$4:$B$70,"ГПА №1")),"") | C12: =IFERROR(IF(SUMIFS(База_данных!$C$4:$C$70,База_данных!$A$4:$A$70,A12,База_данных!$B$4:$B$70,"ГПА №2")=0,"",SUMIFS(База_данных!$C$4:$C$70,База_данных!$A$4:$A$70,A12,База_данных!$B$4:$B$70,"ГПА №2")),"") | D12: =IFERROR(IF(SUMIFS(База_данных!$C$4:$C$70,База_данных!$A$4:$A$70,A12,База_данных!$B$4:$B$70,"ГПА №3")=0,"",SUMIFS(База_данных!$C$4:$C$70,База_данных!$A$4:$A$70,A12,База_данных!$B$4:$B$70,"ГПА №3")),"")
A13: ИТОГО | B13: =SUMIFS(База_данных!$C$4:$C$70,База_данных!$B$4:$B$70,"ГПА №1") | C13: =SUMIFS(База_данных!$C$4:$C$70,База_данных!$B$4:$B$70,"ГПА №2") | D13: =SUMIFS(База_данных!$C$4:$C$70,База_данных!$B$4:$B$70,"ГПА №3")

Sheet Инциденты_детально
A1: ДЕТАЛИЗАЦИЯ ИНЦИДЕНТОВ ПО АКТАМ ТЕХНИЧЕСКОГО РАССЛЕДОВАНИЯ
A3: № Акта | B3: Дата | C3: Время | D3: ГПА | E3: Тип останова | F3: Категория причины | G3: Обстоятельства, при которых произошел останов (п.6) | H3: Меры при останове | I3: Заключение / Принятые меры
A4: №1 от 10.06.2020 | B4: 10.06.2020 | C4: 10:29 | D4: ГПА №2 | E4: Автоматический | F4: Электросеть / переключение агрегатов | G4: При переключении с ГПА№2 на ГПА№3 нагрузка ГПЭС№1 достигла 841 кВт, скачок частоты с 50 до 57,2 Гц вызвал срабатывание защиты и отключение автомата ABB 2500A. ГПЭС№1 остался без нагрузки, АДЭС не запустился, из-за отсутствия питания электродвигателей КВОУ произошел останов ГПА№2 по низкому давлению датчика PDIT 563 A/B. Запущена резервная ГПЭС№3, синхронизирована с ГПЭС№1. | I4: ГПЭС №1 выведен в «резерв».
A5: №1 от 01.02.2022 | B5: 01.02.2022 | C5: 23:43 | D5: ГПА №3 | E5: Автоматический | F5: Настройка/калибровка камеры сгорания (DLE) | G5: При повышении оборотов ГТУ №2,3 с 4950 до 5250 об/мин, при переходе режима «АВ»→«АВС» открытие клапана FCV-107 на 19,3% и CDP-клапана FCV-211 на 6,29% снизило давление воздуха в камере сгорания ниже нормы, коэффициент «blowout» превысил предел 15%, произошла потеря пламени. Запущен резервный ГПА№1. | H5: Проверка клапанов CDP/FCV-104/105/107, протяжка контактов клапанов и датчиков пламени BE-473 A/B. | I5: ГПА №3 выведен в «резерв» с исключением режима работы камеры сгорания «АВС». Человеческий фактор персонала исключен. Проверка клапанов CDP/FCV-104/105/107, протяжка контактов клапанов и датчиков пламени BE-473 A/B.
A6: №2 от 11.03.2022 | B6: 11.03.2022 | C6: 19:43 | D6: ГПА №3 | E6: Автоматический | F6: Настройка/калибровка камеры сгорания (DLE) | G6: Зафиксирован Alarm «Flame out trip» — потеря пламени в камере сгорания. Установлено несоответствие значений Т3 в таблицах DLE Mapping зимнего режима значениям, установленным в ПЛК T10, из-за чего при высоких оборотах некорректно работал режим «АВС». Запущен резервный ГПА№2. | H6: Проверка CDP-клапана FCV-211 и дозирующих клапанов FCV-104/105/107, протяжка контактов клапанов и датчиков пламени BE-473 A/B. | I6: Человеческий фактор обслуживающего персонала КС-1 исключен. Проверка CDP-клапана FCV-211 и дозирующих клапанов FCV-104/105/107, протяжка контактов клапанов и датчиков пламени BE-473 A/B.
A7: №3 от 25.04.2022 | B7: 25.04.2022 | C7: 10:14 | D7: ГПА №2 | E7: Автоматический | F7: Человеческий фактор | G7: При активации автоматического режима АСПТ (пожаротушение CO2) сменный инженер вместо кнопки «выбор» нажал «стрелка вправо» и по ошибке активировал команду «пуск АСПТ», введя 4-значный код, что привело к Авто останову ГПА№2 (срабатывание ESDII по алярму CO2 Pre-Discharge). Запущен резервный ГПА№3, режим МГ восстановлен за 28 минут. | I7: ГПА №2 выведен в «резерв». Систему пожаротушения CO2 необходимо модернизировать.
A8: №5 от 07.06.2022 | B8: 07.06.2022 | C8: 18:56 | D8: ГПА №2 | E8: Автоматический | F8: Ложное срабатывание КИП | G8: Зафиксирован сигнал ошибки «process incorrect valves position» по свечному крану XV-784 из-за потери обратного статуса о закрытом положении крана. Проверка концевых выключателей дефектов не выявила — кран исправен. | H8: Контрольная проверка работоспособности свечного крана XV-784 перед запуском ГПА. | I8: Человеческий фактор персонала КС-1 отсутствует. Контрольная проверка работоспособности свечного крана XV-784 перед запуском ГПА.
A9: №1 от 11.03.2023 | B9: 11.03.2023 | C9: 10:08 | D9: ГПА №2, ГПА №3 | E9: Автоматический | F9: Техническая неисправность оборудования | G9: Из-за отсутствия нагрузочного модуля при запуске вентиляторов АВО газа резко возросла нагрузка и упала частота (382→582 кВт, 49→45 Гц), что вызвало АО ГПЭС№3. Сработала аварийная защита по перепаду давления в баке минерального масла, что привело к автооостанову ГПА №3 и №2. Запущены резервные ГПЭС№1 и ГПА№2,3. | I9: ГПЭС №3 выведен в «резерв», ожидается приезд специалистов ТОО «ГазСервСтрой».
A10: №2 от 14.04.2023 | B10: 14.04.2023 | C10: 16:52 | D10: ГПА №2 | E10: Автоматический | F10: Отказ оборудования КИПиА | G10: Произошёл сбой передачи данных от датчиков систем минерального масла и сухого газового уплотнения, что повлекло Автоостанов ГПА№2. Причина — выход из строя модуля изолятора Profibus (Railbus MTL) №RB6-2 в шкафу RIO Panel JB-2. | H10: Выявление и замена неисправного модуля изолятора Railbus №RB6-2 в шкафу RIO Panel JB-2. Повреждено: Модуль изолятор Railbus (MTL 8000 I/O 8922-RB-IS), тэговый №RB6-2 | I10: ГПА №2 выведен в «резерв». Внедрено резервирование контроля давления в системе сухих газовых уплотнений (СГУ) ГПА GE согласно предложению по повышению эффективности №4 от 28.11.2025. Установлен резервный датчик давления PIT-750/B (Rosemount 3051) параллельно основному датчику PIT-750 с использованием существующей аппаратной базы. Резервный датчик подключён к свободному аналоговому входу №4 модуля MTL8000 8201-HI-IS в шкафу JB-1. Настроена логика контроллера по принципу голосования «2оо2»: останов ГПА инициируется только при подтверждении аварийного значения давления обоими датчиками либо при совпадении аварийного сигнала одного датчика с диагностической неисправностью второго. На ЧМИ (HMI Cimplicity GE) обеспечено отображение параметров обоих каналов измерения, состояния датчиков и диагностической информации. Обеспечено резервирование системы контроля давления СГУ с исключением потери функции контроля при выходе из строя одного измерительного канала. — Акт выполненных работ от 23.05.2026 (выполнено)
A11: №5 от 06.06.2023 | B11: 06.06.2023 | C11: 15:23 | D11: ГПА №2 | E11: Автоматический | F11: Ложное срабатывание КИП | G11: Кратковременное некорректное значение от концевых выключателей положения свечного крана XV-4204 вызвало сигнал «L86VM_ALM» и «L33P_ALM Process incorrect valves position», что инициировало АвтО ГПА№2. | H11: Проверка блока управления краном и импульсных трубок, ревизия соленоидного клапана, протяжка контактов концевых выключателей XV-4204. | I11: ГПА №2 выведен в работу. Проверка блока управления краном и импульсных трубок, ревизия соленоидного клапана, протяжка контактов концевых выключателей XV-4204.
A12: №1 от 04.03.2024 | B12: 04.03.2024 | C12: 08:06 | D12: ГПА №1 | E12: Автоматический | F12: Отказ оборудования КИПиА | G12: Данные с датчика температуры TE-147A начали проявлять нестабильность, что отразилось на разности температур обгонной муфты и синтетического масла, инициировав аварийный сигнал L26SDT_ALM и АвтО ГПА№1. Причина — некорректная работа модуля ввода RTD 8106-TI-RT (RIO R1) в шкафу MP-2 UCP1. | H12: Горячая замена модуля аналогового ввода MTL8000 RTD 8106-TI-RT (RIO R1). | I12: ГПА №1 выведен в «резерв». Горячая замена модуля аналогового ввода MTL8000 RTD 8106-TI-RT (RIO R1).
A13: №2 от 11.03.2024 | B13: 11.03.2024 | C13: 14:50 | D13: ГПА №1, ГПА №3 | E13: Вынужденный нормальный | F13: Техническая неисправность (вспомогательные системы) | G13: Резкое падение давления на выходе воздушного компрессора из-за непрерывного сброса воздуха через открытый клапан XV-3703B осушительной установки ВК№1 (застывшее состояние управляющего ПЛК), а также из-за отсутствия обратного клапана на линии «Воздушный компрессор — Воздушный ресивер». Выполнено переключение с ВК№1 на ВК№2. | H13: Перезагрузка ПЛК и комплексное опробование осушительной установки. | I13: ГПА №1,3 перезапущены в работу. Перезагрузка ПЛК и комплексное опробование осушительной установки.
A14: №3 от 10.05.2024 | B14: 10.05.2024 | C14: 10:54 | D14: ГПА №3 | E14: Автоматический | F14: Ложное срабатывание КИП / связь | G14: Зафиксированы сообщения о срабатывании 2 из 3 датчиков загазованности AE 557 A,B,C. Утечки газа не обнаружено. Причина — кратковременная потеря связи (потеря пакета данных) на коммутаторах NTRON 509 системы управления HIMA. Запущен резервный ГПА№2. | H14: Замена коммутаторов NTRON 509 системы HIMA. Калибровка датчиков загазованности AE 557 A,B,C. | I14: Человеческий фактор персонала КС-1 исключен. Замена коммутаторов NTRON 509 системы HIMA. Калибровка датчиков загазованности AE 557 A,B,C.
A15: №4 от 28.12.2024 | B15: 28.12.2024 | C15: 23:50 | D15: ГПА №1 | E15: Автоматический | F15: Электросеть / синхронизация агрегатов | G15: Обнаружены нестабильные обороты ГПЭС№1; при запуске ГПЭС№3 и №2 синхронизация с ГПЭС№1 не была произведена. Колебания оборотов вызвали колебания частоты сети (45–52 Гц), сработала защита по частоте, ГПЭС№1 остался без нагрузки — произошел останов ГПА№1. Запущены резервные ГПЭС№2,3, выполнена синхронизация. | H15: Проверка трендов, бороскопия цилиндров, ревизия генераторов, турбокомпрессоров — дефектов не обнаружено. Замена 16 свечей зажигания. | I15: ГПЭС №1 выведен в «резерв». Проверка трендов, бороскопия цилиндров, ревизия генераторов, турбокомпрессоров — дефектов не обнаружено. Замена 16 свечей зажигания.
A16: №1 от 02.05.2025 | B16: 02.05.2025 | C16: 19:00 | D16: ГПА №1, ГПА №3 | E16: Автоматический | F16: Внешняя/неподтвержденная причина | G16: Резкое отклонение параметров подачи топливного газа привело к останову ГПА№1 и №3 из-за потери пламени в камерах сгорания. Возможная причина — автоматическое закрытие крана MOV7501 (не подтверждено: САУ теплообменника не оснащена журналом событий). | H16: Открыта байпасная линия подачи газа на теплообменник. Ревизия шкафа управления теплообменника — дефектов не выявлено. | I16: ГПА №1, №3 выведены в работу. Открыта байпасная линия подачи газа на теплообменник. Ревизия шкафа управления теплообменника — дефектов не выявлено.
A17: №1 от 27.04.2026 | B17: 27.04.2026 | C17: 08:05 | D17: ГПА №1, ГПА №3 | E17: Автоматический | F17: Техническая неисправность оборудования | G17: Сильный посторонний шум и резкое снижение частоты ГПЭС№3 (49→43 Гц) привели к вынужденному останову ГПЭС№3. Из-за кратковременного обесточивания вспомогательных систем сработала защита по перепаду давления PDIT-563 в кожухе ГПА №1,3, что вызвало АвтО ГПА №1 и №3. Запущена резервная ГПЭС№2, ГПА№1,3 возвращены в работу. | H17: Повреждено: Выявлены дефекты (повреждение) выпускных клапанов в цилиндрах №2,4,6,8,9,11 ГПЭС№3 | I17: ГПЭС №3 выведен в «ремонт» — требуется замена ГБЦ №2,4,6,8,9,11.
A18: №4 от 01.06.2023 | B18: 01.06.2023 | C18: 22:00 | D18: ГПА №2 | E18: Вынужденный нормальный | F18: Техническая неисправность оборудования | G18: Во время работы ГПА№2 было зафиксировано снижение уровня синтетического масла в баке системы смазки. Обнаружена утечка синтетического масла с порта MP375C — дренажной линии CDP клапана (Bleed Valve). В связи с неисправностью CDP клапана, по согласованию с АКЦ произведён вынужденный нормальный останов ГПА№2 для предотвращения выхода из строя узлов газогенератора. | H18: После процедуры охлаждения ГПА произведена замена CDP клапана (Bleed Valve). Запуск ГПА№2 в режиме Manual после калибровки и настройки рабочих параметров (Calibration Crank). Повреждено: При инспекции выявлен износ тефлонового уплотнительного кольца пружинно-поршневого затвора клапана | I18: ГПА №2 выведен в режим «резерв». Ревизия CDP клапана (Bleed Valve) S/N GRTR7704: наружный осмотр корпуса и привода; демонтаж привода; демонтаж и инспекция элементов корпуса; инспекция штока и элементов поршневого затвора; обратная сборка всех элементов клапана после ревизии. По результатам ревизии подтверждён износ тефлонового уплотнительного кольца поршневого затвора как причина утечки. — Акт выполненных работ от 04.06.2023 (выполнено)
A19: №3 от 07.03.2018 | B19: 07.03.2018 | C19: 04:58 | D19: ГПА №1 | E19: Автоматический | F19: Отказ оборудования КИПиА | G19: Некорректная работа позиционера клапана XV 222 — потеря сигнала обратной связи от позиционера о закрытии клапана, что привело к автоматическому останову ГПА№1. Пуск резервного ГПА№3, восстановление режима работы МГ. | H19: Заменён позиционер клапана XV 222; выполнен ремонт концевых магнитных датчиков (установлены дополнительные металлические пластины для усиления магнитного эффекта). | I19: ГПА №1 выведен в «резерв». Заменён позиционер клапана XV 222; выполнен ремонт концевых магнитных датчиков (установлены дополнительные металлические пластины для усиления магнитного эффекта).
A20: №4 от 30.03.2018 | B20: 30.03.2018 | C20: 13:39 | D20: ГПА №1, ГПА №2 | E20: Автоматический | F20: Техническая неисправность (вспомогательные системы) | G20: Самопроизвольное отключение вводного автомата шкафа управления АВО антифриза привело к останову всех вентиляторов охлаждения. В результате температура антифриза выросла с 94°C до 106°C, что вызвало автоматический останов ГПА№1, затем ГПА№2. Пуск резервного ГПЭС№2, пуск ГПА№2,3, восстановление режима работы МГ. | H20: Произведена замена вводного автомата шкафа управления АВО антифриза на ГПА№1. | I20: ГПА №1 выведен в «резерв». Произведена замена вводного автомата шкафа управления АВО антифриза на ГПА№1.
A21: №6 от 24.05.2018 | B21: 24.05.2018 | C21: 11:48 | D21: ГПА №3 | E21: Вынужденный нормальный | F21: Ложное срабатывание КИП | G21: Некорректное отображение обратной связи о рабочем положении клапана FCV-780 (Hot bypass), что привело к вынужденному нормальному останову ГПА№3. Пуск резервного ГПА№2, восстановление режима работы МГ. | H21: Произведена протяжка креплений и механизма концевого выключателя датчика рабочего положения клапана FCV-780 (Hot bypass). | I21: ГПА №3 выведен в «резерв». Произведена протяжка креплений и механизма концевого выключателя датчика рабочего положения клапана FCV-780 (Hot bypass).
... A45: №2 от 20.03.2025 | B45: 20.03.2025 | C45: 06:53 | D45: ГПА №3 | E45: Автоматический | F45: Техническая неисправность оборудования | G45: На панели управления ГПЭС№4 произошёл автоматический останов по ошибке №2489 «Перепад температуры выхлопных газов цилиндра №11 (А6)», что привело к автоматическому останову ГПА№3. | H45: В ходе проверки цилиндра №11 (А6) выявлено, что зазор свечи зажигания увеличен до 0,53 мм (согласно руководству по эксплуатации ГПЭС зазор должен быть 0,28 мм). Проверены все зазоры свечей зажигания, произведена замена 10 свечей зажигания на имеющиеся б/у в хорошем состоянии (зазор не превышает 0,28 мм). Дополнительно: проверка сопротивления электродов свечей зажигания, проверка сопротивления обмотки катушки зажигания, осмотр и чистка внутренности катушки от нагара. | I45: После восстановления подачи электропитания ГПА№3 выведен в резерв. В ходе проверки цилиндра №11 (А6) выявлено, что зазор свечи зажигания увеличен до 0,53 мм (согласно руководству по эксплуатации ГПЭС зазор должен быть 0,28 мм). Проверены все зазоры свечей зажигания, произведена замена 10 свечей зажигания на имеющиеся б/у в хорошем состоянии (зазор не превышает 0,28 мм). Дополнительно: проверка сопротивления электродов свечей зажигания, проверка сопротивления обмотки катушки зажигания, осмотр и чистка внутренности катушки от нагара.
A46: №3 от 24.03.2025 | B46: 24.03.2025 | D46: ГПА №2 | E46: Автоматический | F46: Ложное срабатывание КИП / связь | G46: Совместно с подрядной организацией ТОО «Zhetysu Service Partners» проводились работы по сервисному обслуживанию систем СПГС и АПТ на ГПА№3. В ходе поочередной активации и тестирования детекторов пламени, в момент перехода на этап тестирования ручных извещателей пожара произошло несанкционированное срабатывание ПАЗ, приведшее к формированию сигнала «Подтверждённый пожар в Цеху №3» уровня ESD-II, одновременно сгенерировавшего автоматический останов ГПА№1/2/3. Генерация выходного сигнала ПАЗ возникла в результате сбоя работы программного обеспечения Engineering WorkPlace ABB по причине нарушения работы процессора (открытые окна и вкладки MainFaceplate), инициировавшего системную ошибку операционной системы инженерной рабочей станции ES-1. | H46: Диагностика: проверена работа программы и проанализированы параметры сигналов в программном обеспечении Engineering WorkPlace. Приняты меры по устранению перегрузки, а также оптимизации работы программы для работы с большим количеством форсированных сигналов. Закрыты лишние окна и вкладки MainFaceplate. После устранения сбоя система была перезапущена, все сигналы проверены на корректность. | I46: После сброса и восстановления ESDII ГПА№3 выведен в «работу» в 16:10. Диагностика: проверена работа программы и проанализированы параметры сигналов в программном обеспечении Engineering WorkPlace. Приняты меры по устранению перегрузки, а также оптимизации работы программы для работы с большим количеством форсированных сигналов. Закрыты лишние окна и вкладки MainFaceplate. После устранения сбоя система была перезапущена, все сигналы проверены на корректность.
A47: №4 от 01.04.2025 | B47: 01.04.2025 | C47: 15:45 | D47: ГПА №2 | E47: Автоматический | F47: Отказ оборудования КИПиА | G47: Согласно журналу предупреждений и аварийных сигналов (WorkstationST Alarm Viewer), отработали сигналы T22VSVTM_R open or short (R coil) и T22VSVTM_S open or short (S coil). Причина — разница показания сопротивления между катушками VSVVCOILOHM_R и VSVVCOILOHM_S сервоприводов VSV A/B. | H47: Проверка проводки на предмет обрыва и целостности цепей управления. Измерение сопротивления сервопривода, сравнение с номинальными значениями. Проверка AV-селектора в Hardware с мониторингом показаний в ServoHMI. Сравнение сопротивления с допустимыми пределами. Проверка перемычек (JP1/JP3/JP5) на плате управления на соответствие конфигурации ToolBoxST. Замена VSV сервопривода. Калибровка сервоприводов в режиме Calibration crank на ГПА-2. Замена платы управления GE IS200TSVCH1A в шкафу управления TCP-1. | I47: После выполнения работ разница сопротивления между катушками R и S составила 10 Ом (нерабочий ГПА) и 100 Ом (режим Calibration Crank). ГПА№2 выведен в «резерв». Проверка проводки на предмет обрыва и целостности цепей управления. Измерение сопротивления сервопривода, сравнение с номинальными значениями. Проверка AV-селектора в Hardware с мониторингом показаний в ServoHMI. Сравнение сопротивления с допустимыми пределами. Проверка перемычек (JP1/JP3/JP5) на плате управления на соответствие конфигурации ToolBoxST. Замена VSV сервопривода. Калибровка сервоприводов в режиме Calibration crank на ГПА-2. Замена платы управления GE IS200TSVCH1A в шкафу управления TCP-1.
A48: №5 от 09.05.2025 | B48: 09.05.2025 | C48: 06:20 | D48: ГПА №1, ГПА №2 | E48: Автоматический | F48: Отказ оборудования КИПиА | G48: На панель управления ГПЭС№4 поступил сигнал об ошибке №1452 «Ошибка положения автомата защиты ГУ», после чего произошёл автоматический останов ГПЭС№4 по ошибке №611 «Горячий останов двигателя». Автоматический останов ГПЭС№4 привёл к автоматическому останову ГПА№1,2. Аналогичная ошибка уже фиксировалась ранее (см. Акт №1 от 03.02.2025). | H48: Проверка ячейки отсека релейной защиты вводного автомата ГПЭС№4. Проверка и затяжка контактов сигнальных линий ГПЭС№4 и вводного автомата. Проверка целостности проводника сигнальных линий. Проверка монтажа проводов, соединяющих автоматический выключатель генераторной установки с базовой платой. Запуск ГПЭС№4, синхронизация с ГПЭС№2, проверка рабочих характеристик — отклонений, ошибок, замечаний не обнаружено, ГПЭС№4 выведен в резерв. | I48: После восстановления подачи электропитания ГПА№1,2 выведен в резерв. Проверка ячейки отсека релейной защиты вводного автомата ГПЭС№4. Проверка и затяжка контактов сигнальных линий ГПЭС№4 и вводного автомата. Проверка целостности проводника сигнальных линий. Проверка монтажа проводов, соединяющих автоматический выключатель генераторной установки с базовой платой. Запуск ГПЭС№4, синхронизация с ГПЭС№2, проверка рабочих характеристик — отклонений, ошибок, замечаний не обнаружено, ГПЭС№4 выведен в резерв.
A49: №6 от 07.09.2025 | B49: 07.09.2025 | C49: 17:55 | D49: ГПА №2 | E49: Автоматический | F49: Техническая неисправность оборудования | G49: Согласно журналу предупреждений и аварийных сигналов (WorkstationST Alarm Viewer и Trender), во время работы ГПА№2 зафиксированы сигналы ZSH372 (HYDRAULIC PUMP MANUAL ISOLATION VALVE NOT OPEN ALARM) и EXTERNAL ESD, сформировавшие ESDII. Формирование сигнала аварийной остановки второго уровня (ESD II) было вызвано коротким замыканием сигнальной линии ZSH372 на корпус распределительной коробки ТВ22, установленной в кожухе газоперекачивающего агрегата (ГПА). Причиной короткого замыкания стало нарушение изоляции проводки вследствие её износа в результате длительного воздействия вибрации от кожуха ГПА, что привело к механическому повреждению оболочки проводов и контакту с заземлёнными элементами корпуса. | H49: Проведена диагностика сигнальных цепей на участке от распределительной коробки ТВ22 до JB104 и далее до системы управления UCP Mark VI. Выполнен визуальный и приборный контроль состояния кабельной линии, выявлено повреждение изоляции в месте соприкосновения с металлическими элементами кожуха. Повреждённый участок проводки демонтирован, выполнен перемонтаж проводки с использованием наконечников и пинов для надёжности контактов. Выполнена ревизия креплений распределительной коробки ТВ22 и кабелей. Повреждено: Проводка сигнала ZSH372 в распределительной коробке ТВ22 — повреждена изоляция вследствие износа и вибрационного воздействия | I49: После проведения комплексных мероприятий по выявлению и устранению причин аварийной остановки ГПА№2 восстановлен и полностью готов к дальнейшей эксплуатации. Проведена диагностика сигнальных цепей на участке от распределительной коробки ТВ22 до JB104 и далее до системы управления UCP Mark VI. Выполнен визуальный и приборный контроль состояния кабельной линии, выявлено повреждение изоляции в месте соприкосновения с металлическими элементами кожуха. Повреждённый участок проводки демонтирован, выполнен перемонтаж проводки с использованием наконечников и пинов для надёжности контактов. Выполнена ревизия креплений распределительной коробки ТВ22 и кабелей.
A50: №7 от 13.11.2025 | B50: 13.11.2025 | C50: 19:12 | D50: ГПА №2, ГПА №3 | E50: Автоматический | F50: Техническая неисправность (вспомогательные системы) | G50: Согласно журналу событий SCADA, во время работы ГПА№2,3 в 19:12 зафиксированы сигналы низкого давления газа на топливной линии от датчиков PT080302 и PT080402, что привело к автоматическому останову ГПА№2,3. Причина — отказ регуляторов давления с понижением давления топливного газа, установленных в блоке подготовки топливного газа (БПТГ) №1,2. При повышении оборотов ГПА№2,3 до 6000 об/мин произошёл автоматический останов по срыву пламени в камере сгорания (ошибка Flame out trip SIS23.L28FDT alarm). При анализе трендов установлено резкое увеличение перепада давления на фильтре FSP080101 (с 18 кПа до 68,8 кПа), а также скачки расхода топливного газа на расходомере FIT080301, что могло привести к потере стабильности регулирования регуляторов давления на БПТГ№1,2. | H50: Проведены работы по настройке регуляторов давления топливного газа в БПТГ№1,2, что позволило восстановить подачу топливного газа в ГПА№2,3. Проведена корректировка настроек регулятора и контроль за стабильностью давления на выходе. | I50: ГПА№2,3 выведены в работу. Проведены работы по настройке регуляторов давления топливного газа в БПТГ№1,2, что позволило восстановить подачу топливного газа в ГПА№2,3. Проведена корректировка настроек регулятора и контроль за стабильностью давления на выходе.
A51: №1 от 30.09.2024 | B51: 30.09.2024 | C51: 20:51 | D51: ГПА №3 | E51: Автоматический | F51: Человеческий фактор | G51: Во время подготовительных огневых работ по демонтажу обслуживающей платформы для замены СГУ на ГПА№2 (срез опорных ножек угловой шлифовальной машиной) окалина попала на ветошь. После восстановления снятых на время работ форсировок по датчикам загазованности и пламени в 20:51 детекторы пламени XFU040207, XFU040208 зафиксировали тление ветоши, что сформировало сигнал ESD-II с активацией предпускового выброса CO2 компрессорного цеха №2 и автоматический останов ГПА№1,2,3 со сбросом давления из контура; закрылись станционные краны ESDV. | H51: Сменный инженер по индикации на панели AUX определил активную индикацию предвыпуска CO2 и по приборам весового устройства перепроверил ложность выброса. Осмотр цеха без захода внутрь выявил задымление и тление ветоши у юго-восточной двери; сигнал пожаротушения деактивирован, очаг потушен огнетушителем ОП-10. Восстановление режима станции: выравнивание давления через кран MOPV311101 (ESDV311101), открытие проходного крана GHV311301, выравнивание давления между входным/выходным коллекторами КС через кольцо FCV010001, выравнивание давления через ESDV311201, закрытие GHV311301. | I51: ГПА №3 выведен в «резерв» 30.09.2024 в 23:00. Сменный инженер по индикации на панели AUX определил активную индикацию предвыпуска CO2 и по приборам весового устройства перепроверил ложность выброса. Осмотр цеха без захода внутрь выявил задымление и тление ветоши у юго-восточной двери; сигнал пожаротушения деактивирован, очаг потушен огнетушителем ОП-10. Восстановление режима станции: выравнивание давления через кран MOPV311101 (ESDV311101), открытие проходного крана GHV311301, выравнивание давления между входным/выходным коллекторами КС через кольцо FCV010001, выравнивание давления через ESDV311201, закрытие GHV311301.
A52: №2 от 30.11.2024 | B52: 30.11.2024 | C52: 15:30 | D52: ГПА №2 | E52: Автоматический | F52: Техническая неисправность (вспомогательные системы) | G52: После сообщения о низком давлении от датчиков РТ-130001/002/003 на выходе воздушного компрессора №1 произведено оперативное переключение на ВК№2. При переключении на резервный вентилятор продувки кожуха ГТУ (88ВА-1) зафиксирована ошибка «Сбой питания сети (А36)» частотного преобразователя; резервный вентилятор подхватил запуск только через 8 секунд, за это время дифференциальное давление внутри кожуха ГГ (датчик PDIT-270) кратковременно снизилось ниже нормы, что привело к автоматическому останову ГПА№2 без сброса давления из контура. | H52: Проверка историй трендов питающей сети в HMI; проверка ошибок в контроллерах частотных преобразователей вентиляторов 88ВА-1 и 88ВА-2 в МСС№2; проверка установленных защит частотных преобразователей; дистанционный запуск вентиляторов; проверка рабочих параметров. Повреждено: Не обнаружено | I52: ГПА №2 выведен в «резерв» 30.11.2024 в 23:00. Проверка историй трендов питающей сети в HMI; проверка ошибок в контроллерах частотных преобразователей вентиляторов 88ВА-1 и 88ВА-2 в МСС№2; проверка установленных защит частотных преобразователей; дистанционный запуск вентиляторов; проверка рабочих параметров.

Sheet Классификатор_причин
A1: КЛАССИФИКАЦИЯ ПРИЧИН ОТКАЗОВ (авторасчёт)
A3: Категория причины | B3: Кол-во инцидентов | C3: Доля, %
A4: Внешняя/неподтвержденная причина | B4: =COUNTIF('Инциденты_детально'!$F$4:$F$52,A4) | C4: =B4/49
A5: Ложное срабатывание КИП | B5: =COUNTIF('Инциденты_детально'!$F$4:$F$52,A5) | C5: =B5/49
A6: Ложное срабатывание КИП / связь | B6: =COUNTIF('Инциденты_детально'!$F$4:$F$52,A6) | C6: =B6/49
A7: Настройка/калибровка камеры сгорания (DLE) | B7: =COUNTIF('Инциденты_детально'!$F$4:$F$52,A7) | C7: =B7/49
A8: Отказ оборудования КИПиА | B8: =COUNTIF('Инциденты_детально'!$F$4:$F$52,A8) | C8: =B8/49
A9: Техническая неисправность (вспомогательные системы) | B9: =COUNTIF('Инциденты_детально'!$F$4:$F$52,A9) | C9: =B9/49
A10: Техническая неисправность оборудования | B10: =COUNTIF('Инциденты_детально'!$F$4:$F$52,A10) | C10: =B10/49
A11: Технологическое ограничение при переключении | B11: =COUNTIF('Инциденты_детально'!$F$4:$F$52,A11) | C11: =B11/49
A12: Человеческий фактор | B12: =COUNTIF('Инциденты_детально'!$F$4:$F$52,A12) | C12: =B12/49
A13: Электросеть / переключение агрегатов | B13: =COUNTIF('Инциденты_детально'!$F$4:$F$52,A13) | C13: =B13/49
A14: Электросеть / синхронизация агрегатов | B14: =COUNTIF('Инциденты_детально'!$F$4:$F$52,A14) | C14: =B14/49
A15: ИТОГО инцидентов | B15: =SUM(B4:B14) | C15: =SUM(C4:C14)

Sheet Устранение_дефектов
A1: РЕЕСТР РАБОТ ПО УСТРАНЕНИЮ ДЕФЕКТОВ
A3: Привязка к аварии (акт/дата) | B3: ГПА | C3: № дефектного акта | D3: Описание дефекта | E3: Описание выполненных работ | F3: № акта вып. работ | G3: Дата выполнения | H3: Статус | I3: Дефектный акт | J3: Акт вып. работ
A4: №2 от 14.04.2023 | B4: ГПА №2 | E4: Внедрено резервирование контроля давления в системе сухих газовых уплотнений (СГУ) ГПА GE согласно предложению по повышению эффективности №4 от 28.11.2025. Установлен резервный датчик давления PIT-750/B (Rosemount 3051) параллельно основному датчику PIT-750 с использованием существующей аппаратной базы. Резервный датчик подключён к свободному аналоговому входу №4 модуля MTL8000 8201-HI-IS в шкафу JB-1. Настроена логика контроллера по принципу голосования «2оо2»: останов ГПА инициируется только при подтверждении аварийного значения давления обоими датчиками либо при совпадении аварийного сигнала одного датчика с диагностической неисправностью второго. На ЧМИ (HMI Cimplicity GE) обеспечено отображение параметров обоих каналов измерения, состояния датчиков и диагностической информации. Обеспечено резервирование системы контроля давления СГУ с исключением потери функции контроля при выходе из строя одного измерительного канала. | G4: 23.05.2026 | H4: выполнено | J4: Открыть акт вып. работ
A5: №4 от 01.06.2023 | B5: ГПА №2 | E5: Ревизия CDP клапана (Bleed Valve) S/N GRTR7704: наружный осмотр корпуса и привода; демонтаж привода; демонтаж и инспекция элементов корпуса; инспекция штока и элементов поршневого затвора; обратная сборка всех элементов клапана после ревизии. По результатам ревизии подтверждён износ тефлонового уплотнительного кольца поршневого затвора как причина утечки. | G5: 04.06.2023 | H5: выполнено | J5: Открыть акт вып. работ
A6: — (плановая инспекция) от 11.12.2021 | B6: ГПА №1 | C6: №62/21 | D6: Утечка синтетического масла с фланцевого соединения откачивающей линии подшипника газогенератора и с гибкого шланга сепаратора синтетического масла. | E6: Замена прокладки 9627M01P02 GE — 1 шт.; замена гибкого шланга сепаратора RTR33432 — 1 шт.; проверка давления азота в гидроцилиндре RAO01587. Расходные материалы: Прокладка фланцевого соединения откачивающей линии подшипника газогенератора (9627M01P02 GE) — 1 шт.; Гибкий шланг сепаратора синтетического масла (RTR33432) — 1 шт. | F6: Акт выполненных работ от 11.12.2021 | G6: 11.12.2021 | H6: выполнено | I6: Открыть дефектный акт | J6: Открыть акт вып. работ

Sheet Источники
A1: ЖУРНАЛ ИСТОЧНИКОВ ДАННЫХ
A3: № | B3: Акт | C3: Файл | D3: Дата акта
A4: 1 | B4: №1 | C4: act01_investigation.pdf | D4: 10.06.2020
A5: 2 | B5: №1 | C5: act02_investigation.pdf | D5: 01.02.2022
A6: 3 | B6: №2 | C6: act03_investigation.pdf | D6: 11.03.2022
A7: 4 | B7: №3 | C7: act04_investigation.pdf | D7: 25.04.2022
A8: 5 | B8: №5 | C8: act05_investigation.pdf | D8: 07.06.2022
A9: 6 | B9: №1 | C9: act06_investigation.pdf | D9: 11.03.2023
A10: 7 | B10: №2 | C10: act07_investigation.pdf | D10: 14.04.2023
A11: 8 | B11: №5 | C11: act08_investigation.pdf | D11: 06.06.2023
A12: 9 | B12: №1 | C12: act09_investigation.pdf | D12: 04.03.2024
A13: 10 | B13: №2 | C13: act10_investigation.pdf | D13: 11.03.2024
A14: 11 | B14: №3 | C14: act11_investigation.pdf | D14: 10.05.2024
A15: 12 | B15: №4 | C15: act12_investigation.pdf | D15: 28.12.2024
... A52: 49 | B52: №2 | C52: sks2_act09_investigation.pdf | D52: 30.11.2024
